Fold,Precision,Recall,F1-Score,ROC-AUC,PR-AUC
1,0.8166144200626959,0.65125,0.7246175243393603,0.7815112386582348,0.6883957041286681
2,0.8456229567744279,0.582,0.6894713460684141,0.7965118229309871,0.7347409746149598
3,0.8207458476966468,0.65475,0.7284105131414268,0.7887681518151815,0.7100370505572976
4,0.8142244022072348,0.664,0.7314789314238501,0.7897334295929593,0.7204183980626327
5,0.8363189322093432,0.59525,0.6954870746312254,0.7908763063806381,0.7177821574954223
