Fold,Precision,Recall,F1-Score,ROC-AUC,PR-AUC
1,0.8371655697068126,0.612125,0.7071735441712698,0.7895536051907872,0.7160078061334274
2,0.8227498619547211,0.651875,0.7274122118771141,0.7894976667239602,0.7132083429400444
3,0.8208676722127196,0.659875,0.7316194303929042,0.7868767229822632,0.7038002121401273
4,0.8426700464723278,0.6233125,0.7165798455182325,0.7923847513921354,0.7182388384557865
5,0.8218842001962708,0.628125,0.7120589485617119,0.7898691500240616,0.7210865193684464
